{"channel": "kumamonster", "timestamp": 1778073002.2786536, "fps": 0.0, "frame": 102}
{"channel": "kumamonster", "timestamp": 1778073006.94581, "fps": 140.0, "frame": 719}
{"channel": "hitch", "timestamp": 1778073010.1170855, "fps": 0.0, "frame": 222}
{"channel": "kumamonster", "timestamp": 1778073012.323903, "fps": 109.0, "frame": 1182}
{"channel": "hitch", "timestamp": 1778073015.2737193, "fps": 145.0, "frame": 822}
{"channel": "kumamonster", "timestamp": 1778073016.774761, "fps": 92.0, "frame": 1422}
{"channel": "hitch", "timestamp": 1778073019.970936, "fps": 98.0, "frame": 1062}
{"channel": "kumamonster", "timestamp": 1778073021.89905, "fps": 88.0, "frame": 1764}
{"channel": "hitch", "timestamp": 1778073025.0701768, "fps": 92.0, "frame": 1422}
{"channel": "kumamonster", "timestamp": 1778073027.3245363, "fps": 78.0, "frame": 2022}
{"channel": "hitch", "timestamp": 1778073030.4307609, "fps": 79.0, "frame": 1662}
{"channel": "kumamonster", "timestamp": 1778073032.2111385, "fps": 74.0, "frame": 2262}
{"channel": "hitch", "timestamp": 1778073035.382692, "fps": 77.0, "frame": 1989}
{"channel": "kumamonster", "timestamp": 1778073036.8523102, "fps": 75.0, "frame": 2622}
{"channel": "hitch", "timestamp": 1778073040.023669, "fps": 74.0, "frame": 2262}
{"channel": "kumamonster", "timestamp": 1778073042.007703, "fps": 74.0, "frame": 2982}
{"channel": "hitch", "timestamp": 1778073045.0920267, "fps": 70.0, "frame": 2502}
{"channel": "kumamonster", "timestamp": 1778073046.7077477, "fps": 71.0, "frame": 3222}
{"channel": "hitch", "timestamp": 1778073050.3362157, "fps": 70.0, "frame": 2862}
{"channel": "kumamonster", "timestamp": 1778073052.3206496, "fps": 71.0, "frame": 3582}
{"channel": "hitch", "timestamp": 1778073055.4929616, "fps": 70.0, "frame": 3222}
{"channel": "kumamonster", "timestamp": 1778073057.267511, "fps": 69.0, "frame": 3822}
{"channel": "hitch", "timestamp": 1778073059.9115589, "fps": 69.0, "frame": 3462}
{"channel": "kumamonster", "timestamp": 1778073062.1178048, "fps": 67.0, "frame": 4062}
{"channel": "hitch", "timestamp": 1778073065.2895136, "fps": 69.0, "frame": 3822}
{"channel": "kumamonster", "timestamp": 1778073067.2737293, "fps": 68.0, "frame": 4422}
{"channel": "hitch", "timestamp": 1778073070.3224218, "fps": 67.0, "frame": 4062}
{"channel": "kumamonster", "timestamp": 1778073072.306257, "fps": 68.0, "frame": 4782}
{"channel": "hitch", "timestamp": 1778073075.085809, "fps": 66.0, "frame": 4302}
{"channel": "kumamonster", "timestamp": 1778073076.5837479, "fps": 67.0, "frame": 5022}
{"channel": "hitch", "timestamp": 1778073080.2421656, "fps": 66.0, "frame": 4662}
{"channel": "kumamonster", "timestamp": 1778073082.22696, "fps": 67.0, "frame": 5382}
{"channel": "hitch", "timestamp": 1778073085.3982954, "fps": 65.0, "frame": 4902}
{"channel": "kumamonster", "timestamp": 1778073087.017544, "fps": 66.0, "frame": 5622}
{"channel": "hitch", "timestamp": 1778073090.039218, "fps": 65.0, "frame": 5262}
{"channel": "kumamonster", "timestamp": 1778073092.023665, "fps": 65.0, "frame": 5882}
{"channel": "hitch", "timestamp": 1778073095.340452, "fps": 64.0, "frame": 5502}
{"channel": "kumamonster", "timestamp": 1778073097.1801608, "fps": 65.0, "frame": 6222}
{"channel": "hitch", "timestamp": 1778073100.3521576, "fps": 63.0, "frame": 5742}
{"channel": "kumamonster", "timestamp": 1778073101.8980532, "fps": 64.0, "frame": 6462}
{"channel": "hitch", "timestamp": 1778073105.5091097, "fps": 65.0, "frame": 6222}
{"channel": "kumamonster", "timestamp": 1778073106.9765363, "fps": 64.0, "frame": 6771}
{"channel": "hitch", "timestamp": 1778073110.2065039, "fps": 64.0, "frame": 6462}
{"channel": "kumamonster", "timestamp": 1778073112.132884, "fps": 65.0, "frame": 7182}
{"channel": "hitch", "timestamp": 1778073115.304766, "fps": 65.0, "frame": 6822}
{"channel": "kumamonster", "timestamp": 1778073117.2898138, "fps": 64.0, "frame": 7422}
{"channel": "hitch", "timestamp": 1778073120.4608512, "fps": 64.0, "frame": 7062}
{"channel": "kumamonster", "timestamp": 1778073121.929745, "fps": 65.0, "frame": 7782}
{"channel": "hitch", "timestamp": 1778073124.8603373, "fps": 63.0, "frame": 7302}
{"channel": "kumamonster", "timestamp": 1778073127.3250546, "fps": 64.0, "frame": 8022}
{"channel": "hitch", "timestamp": 1778073130.2585027, "fps": 64.0, "frame": 7662}
{"channel": "kumamonster", "timestamp": 1778073131.8230035, "fps": 63.0, "frame": 8262}
{"channel": "kumamonster", "timestamp": 1778075218.4138167, "fps": 150.0, "frame": 462}
{"channel": "kumamonster", "timestamp": 1778075223.6015465, "fps": 87.0, "frame": 719}
{"channel": "hitch", "timestamp": 1778075223.513123, "fps": 128.0, "frame": 462}
{"channel": "kumamonster", "timestamp": 1778075228.2429197, "fps": 82.0, "frame": 1062}
{"channel": "hitch", "timestamp": 1778075228.992782, "fps": 94.0, "frame": 822}
{"channel": "kumamonster", "timestamp": 1778075233.3170636, "fps": 72.0, "frame": 1302}
{"channel": "hitch", "timestamp": 1778075234.0557423, "fps": 76.0, "frame": 1062}
{"channel": "kumamonster", "timestamp": 1778075238.5545754, "fps": 72.0, "frame": 1662}
{"channel": "hitch", "timestamp": 1778075238.2946303, "fps": 70.0, "frame": 1302}
{"channel": "kumamonster", "timestamp": 1778075243.7117712, "fps": 67.0, "frame": 1902}
{"channel": "hitch", "timestamp": 1778075243.9454663, "fps": 70.0, "frame": 1662}
{"channel": "kumamonster", "timestamp": 1778075248.5443084, "fps": 64.0, "frame": 2142}
{"channel": "hitch", "timestamp": 1778075249.1113532, "fps": 65.0, "frame": 1902}
{"channel": "kumamonster", "timestamp": 1778075253.5083084, "fps": 62.0, "frame": 2382}
{"channel": "hitch", "timestamp": 1778075253.7423162, "fps": 68.0, "frame": 2262}
{"channel": "kumamonster", "timestamp": 1778075258.6659493, "fps": 63.0, "frame": 2742}
{"channel": "hitch", "timestamp": 1778075258.899053, "fps": 68.0, "frame": 2622}
{"channel": "kumamonster", "timestamp": 1778075263.3048973, "fps": 62.0, "frame": 2982}
{"channel": "hitch", "timestamp": 1778075263.663665, "fps": 65.0, "frame": 2862}
{"channel": "kumamonster", "timestamp": 1778075268.3526847, "fps": 63.0, "frame": 3342}
{"channel": "hitch", "timestamp": 1778075268.6954637, "fps": 66.0, "frame": 3222}
{"channel": "kumamonster", "timestamp": 1778075273.6177027, "fps": 66.0, "frame": 3822}
{"channel": "hitch", "timestamp": 1778075274.08361, "fps": 64.0, "frame": 3462}
{"channel": "kumamonster", "timestamp": 1778075278.258944, "fps": 65.0, "frame": 4062}
{"channel": "hitch", "timestamp": 1778075279.0077994, "fps": 65.0, "frame": 3791}
{"channel": "kumamonster", "timestamp": 1778075282.9139223, "fps": 63.0, "frame": 4302}
{"channel": "hitch", "timestamp": 1778075283.6488285, "fps": 64.0, "frame": 4062}
{"channel": "kumamonster", "timestamp": 1778075288.5720007, "fps": 64.0, "frame": 4662}
{"channel": "hitch", "timestamp": 1778075288.843504, "fps": 62.0, "frame": 4302}
{"channel": "kumamonster", "timestamp": 1778075293.2214491, "fps": 63.0, "frame": 4902}
{"channel": "hitch", "timestamp": 1778075293.96134, "fps": 65.0, "frame": 4782}
{"channel": "kumamonster", "timestamp": 1778075298.3674228, "fps": 63.0, "frame": 5262}
{"channel": "hitch", "timestamp": 1778075299.1178606, "fps": 64.0, "frame": 5022}
{"channel": "kumamonster", "timestamp": 1778075303.5236619, "fps": 62.0, "frame": 5502}
{"channel": "hitch", "timestamp": 1778075303.5609832, "fps": 63.0, "frame": 5262}
{"channel": "kumamonster", "timestamp": 1778075308.4029813, "fps": 63.0, "frame": 5862}
{"channel": "hitch", "timestamp": 1778075308.9140792, "fps": 63.0, "frame": 5622}
{"channel": "kumamonster", "timestamp": 1778075312.8242254, "fps": 62.0, "frame": 6102}
{"channel": "hitch", "timestamp": 1778075314.0489268, "fps": 62.0, "frame": 5862}
{"channel": "kumamonster", "timestamp": 1778075318.476395, "fps": 63.0, "frame": 6462}
{"channel": "hitch", "timestamp": 1778075318.217835, "fps": 62.0, "frame": 6102}
{"channel": "kumamonster", "timestamp": 1778075323.3652856, "fps": 62.0, "frame": 6702}
{"channel": "hitch",