{"channel": "kumamonster", "timestamp": 1778151153.5744414, "fps": 0.0, "frame": 104}
{"channel": "hitch", "timestamp": 1778151155.5369768, "fps": 0.0, "frame": 222}
{"channel": "kumamonster", "timestamp": 1778151158.638739, "fps": 136.0, "frame": 702}
{"channel": "hitch", "timestamp": 1778151161.0599735, "fps": 145.0, "frame": 822}
{"channel": "kumamonster", "timestamp": 1778151163.7951872, "fps": 91.0, "frame": 942}
{"channel": "hitch", "timestamp": 1778151166.2180645, "fps": 98.0, "frame": 1063}
{"channel": "kumamonster", "timestamp": 1778151168.8099904, "fps": 76.0, "frame": 1182}
{"channel": "hitch", "timestamp": 1778151170.8572164, "fps": 92.0, "frame": 1422}
{"channel": "kumamonster", "timestamp": 1778151174.1071694, "fps": 75.0, "frame": 1542}
{"channel": "hitch", "timestamp": 1778151176.1968195, "fps": 79.0, "frame": 1662}
{"channel": "kumamonster", "timestamp": 1778151178.7478812, "fps": 71.0, "frame": 1782}
{"channel": "hitch", "timestamp": 1778151180.838333, "fps": 74.0, "frame": 1902}
{"channel": "kumamonster", "timestamp": 1778151184.060069, "fps": 65.0, "frame": 2022}
{"channel": "hitch", "timestamp": 1778151185.8111212, "fps": 75.0, "frame": 2276}
{"channel": "kumamonster", "timestamp": 1778151189.0610292, "fps": 70.0, "frame": 2502}
